,first_name,last_name,membership_id,date_of_birth,email,mobile_no,above_18
0,Patty,Smith,Smith_c7677,19750827,Patty_Smith@ross.com,59428759,True
1,Sean,Wang,Wang_04168,19600311,Sean_Wang@gibson-calderon.com,25595367,True
2,Richard,Estrada,Estrada_0bf5b,19921015,Richard_Estrada@malone.com,22821527,True
3,Jackson,Cline,Cline_825fb,19710121,Jackson_Cline@hudson.net,48056519,True
4,Allen,Williams,Williams_3e726,19971109,Allen_Williams@sanchez.net,77991519,True
5,Eric,Flores,Flores_8a42c,19820701,Eric_Flores@dillon-patterson.com,36641663,True
6,Anna,Richardson,Richardson_ef158,19670223,Anna_Richardson@perry.com,64083047,True
7,Taylor,Gomez,Gomez_876bf,19821022,Taylor_Gomez@johnston.com,24007567,True
8,Jeremy,Rodriguez,Rodriguez_93ac7,19780828,Jeremy_Rodriguez@roth.com,32567967,True
9,April,Garcia,Garcia_26b55,19871231,April_Garcia@hall.com,24650447,True
10,Sharon,Garza,Garza_40199,20020830,Sharon_Garza@duran.com,59411567,True
11,Lori,Sanchez,Sanchez_364a7,19980420,Lori_Sanchez@hardin-warner.net,76989167,True
12,Jason,Armstrong,Armstrong_e2fb8,19921116,Jason_Armstrong@curtis.com,68514503,True
13,Jessica,Allison,Allison_0c21b,19721030,Jessica_Allison@harper.com,66821135,True
14,Arthur,Hall,Hall_b302a,19941103,Arthur_Hall@gonzalez.com,65493407,True
15,Sherry,Meza,Meza_af7be,19970904,Sherry_Meza@west.com,33491119,True
16,Matthew,Turner,Turner_0303a,19940707,Matthew_Turner@martinez.com,73291455,True
17,Sophia,Randolph,Randolph_76c7a,19500807,Sophia_Randolph@leonard-ramirez.com,94510479,True
18,Dr.,Samuel,Samuel_16040,19840403,Samuel_Thompson@sanchez-carroll.com,99063183,True
19,Zachary,Lee,Lee_76cce,19870704,Zachary_Lee@smith.com,36447751,True
20,Kara,Pittman,Pittman_44c4d,19680525,Kara_Pittman@gomez-vaughn.com,80502567,True
21,Gabriella,Anthony,Anthony_ebd30,19970106,Gabriella_Anthony@castro.com,89108943,True
22,Misty,Cantrell,Cantrell_b19eb,19570303,Misty_Cantrell@flores-decker.com,79619831,True
23,Kelly,Guerrero,Guerrero_d55cb,19970203,Kelly_Guerrero@riggs.com,53052583,True
24,David,Nichols,Nichols_9226a,19620819,David_Nichols@rocha.com,62269575,True
25,Shawn,Galloway,Galloway_1a4d2,19850419,Shawn_Galloway@johnston.com,17471367,True
26,Dennis,Sanford,Sanford_c7e24,19800806,Dennis_Sanford@lopez-archer.com,88084407,True
27,Amanda,Murphy,Murphy_0851c,20000730,Amanda_Murphy@bright-gibbs.net,30501351,True
28,Bobby,Martin,Martin_35f44,20000331,Bobby_Martin@jackson.com,43871143,True
29,Vernon,Bishop,Bishop_b0506,19730710,Vernon_Bishop@clark-larson.com,78396487,True
30,Phillip,Meyers,Meyers_2871d,19601022,Phillip_Meyers@mcneil-williams.com,95409119,True
31,Robert,Martin,Martin_6f48d,19500718,Robert_Martin@crawford.com,78547615,True
32,William,Taylor,Taylor_4fbc5,19860131,William_Taylor@warner-morgan.net,42996791,True
33,Michael,Brady,Brady_bd431,19500323,Michael_Brady@wells-sanders.com,65342263,True
34,James,Rhodes,Rhodes_df266,19771010,James_Rhodes@green.com,27465295,True
35,Ryan,Ramirez,Ramirez_5ff32,19850425,Ryan_Ramirez@pham.com,67907071,True
36,Stephen,Thompson,Thompson_52cd0,19511112,Stephen_Thompson@hess.com,75033031,True
37,Susan,Williams,Williams_446e0,19760512,Susan_Williams@rowland.com,95688383,True
38,Dylan,Johnson,Johnson_d53b7,19960107,Dylan_Johnson@montgomery.com,52048815,True
39,Pamela,King,King_01148,19930929,Pamela_King@soto.net,72515095,True
40,Robert,Smith,Smith_634dd,19870424,Robert_Smith@joyce.com,76366335,True
41,Samantha,Gonzalez,Gonzalez_31e9a,19980829,Samantha_Gonzalez@rios-fletcher.com,40456647,True
42,Jeffery,Walker,Walker_ba5b7,19560624,Jeffery_Walker@watson.com,46574799,True
43,Todd,Alvarez,Alvarez_7bc5d,19741125,Todd_Alvarez@vaughn.com,42011263,True
44,Brett,Willis,Willis_d0046,19610908,Brett_Willis@gibbs.com,86342007,True
45,Kristin,Wilkins,Wilkins_48a0a,20020511,Kristin_Wilkins@harvey.com,84393855,True
46,Joshua,Lynch,Lynch_49515,19650526,Joshua_Lynch@daniels.com,71572839,True
47,Deborah,Williams,Williams_e69d3,19841121,Deborah_Williams@howard.com,11357647,True
48,Timothy,Martin,Martin_0575d,20030105,Timothy_Martin@camacho-sparks.net,92008191,True
49,Sarah,Bright,Bright_776f9,19981115,Sarah_Bright@winters.com,24327743,True
50,Rebecca,Anderson,Anderson_48071,19730827,Rebecca_Anderson@carter-ramirez.com,27023231,True
51,Roger,Frost,Frost_5ba4a,19700217,Roger_Frost@cole-robinson.com,94120431,True
52,Eric,Dunn,Dunn_ae8e6,19600712,Eric_Dunn@reese.com,13714207,True
53,Heather,Pierce,Pierce_1096d,19570813,Heather_Pierce@williams-edwards.com,32413999,True
54,Jordan,Erickson,Erickson_6b984,19750802,Jordan_Erickson@martinez.com,64756655,True
55,Susan,Ali,Ali_f361f,19990105,Susan_Ali@leach.com,74229143,True
56,Richard,Wilson,Wilson_f0626,19990703,Richard_Wilson@hernandez.com,36349175,True
57,Jon,Butler,Butler_a60e8,19870318,Jon_Butler@blackwell.com,78121695,True
58,Paul,Phillips,Phillips_01acd,19970216,Paul_Phillips@vance.com,11213063,True
59,Adam,Parker,Parker_5ebc0,19980722,Adam_Parker@yoder.com,27783391,True
60,Cory,Walker,Walker_a21be,19621208,Cory_Walker@torres.net,37614935,True
61,Jeffrey,Sanchez,Sanchez_cf3c9,19950914,Jeffrey_Sanchez@jones-butler.com,73226919,True
62,Bianca,Martin,Martin_7bf56,19780205,Bianca_Martin@mitchell.com,86924127,True
63,Jeffrey,King,King_2f8a4,19770623,Jeffrey_King@hicks-boyd.com,68622991,True
64,Melanie,Wiggins,Wiggins_c46e0,20000214,Melanie_Wiggins@mcdonald-rice.com,91699615,True
65,Mr.,Daniel,Daniel_e0b77,19860308,Daniel_Smith@cummings.com,26613823,True
66,Scott,Lawrence,Lawrence_fbccd,19760104,Scott_Lawrence@aguilar.com,59217375,True
67,James,Sosa,Sosa_8de3e,19571108,James_Sosa@robles-hawkins.com,47053447,True
68,Jamie,Jackson,Jackson_b5943,19770526,Jamie_Jackson@carr.com,71512687,True
69,Jeffrey,Hatfield,Hatfield_bf691,19701014,Jeffrey_Hatfield@morgan-erickson.com,69441735,True
70,James,Phillips,Phillips_c68d2,19611019,James_Phillips@green-taylor.com,89808183,True
71,Jessica,Moore,Moore_6e3b7,19990509,Jessica_Moore@harrison-bautista.com,27155335,True
72,Richard,Anderson,Anderson_6c12a,19700405,Richard_Anderson@peck-franklin.com,24730327,True
73,Lauren,Hahn,Hahn_38908,19720620,Lauren_Hahn@simmons.com,15132727,True
74,Faith,Edwards,Edwards_96edd,19770726,Faith_Edwards@price.net,44653063,True
75,Laura,Vargas,Vargas_0365e,19771009,Laura_Vargas@gallagher-young.com,40816943,True
76,Sarah,Lewis,Lewis_f236b,19810225,Sarah_Lewis@wyatt.com,37945839,True
77,Brad,Huff,Huff_88806,19611227,Brad_Huff@moore.com,28207575,True
78,Alexander,Richardson,Richardson_e102e,19581025,Alexander_Richardson@perez.com,34675335,True
79,Matthew,Moore,Moore_4788f,20030707,Matthew_Moore@nichols.com,66391671,True
80,Joseph,Howard,Howard_99bdb,19520726,Joseph_Howard@williams.com,46746383,True
81,Anne,Richards,Richards_9e514,19690906,Anne_Richards@mccarthy.com,84963423,True
82,Derek,Thomas,Thomas_a6b2a,19640724,Derek_Thomas@green.com,37329863,True
83,Joseph,Bonilla,Bonilla_07c60,19740508,Joseph_Bonilla@freeman.com,66912183,True
84,Gary,Barber,Barber_8e448,19551112,Gary_Barber@roberts.net,44790343,True
85,Brian,Johnson,Johnson_01409,19810617,Brian_Johnson@carr.com,76631695,True
86,Christine,Peterson,Peterson_d3043,19741119,Christine_Peterson@hamilton.com,57627175,True
87,Christopher,Bautista,Bautista_f2b74,19941202,Christopher_Bautista@rodgers.com,48834663,True
88,Barbara,Krueger,Krueger_f41b0,19520322,Barbara_Krueger@strong.com,30905343,True
89,Monica,Oconnor,Oconnor_efac7,19800701,Monica_Oconnor@gordon.com,97887295,True
90,Peggy,Johnson,Johnson_317e0,19720328,Peggy_Johnson@berg.com,34795631,True
91,Susan,Herrera,Herrera_2275e,19550826,Susan_Herrera@gomez.com,24027735,True
92,Andrew,Matthews,Matthews_33105,19880219,Andrew_Matthews@ramos-vaughn.com,90821359,True
93,Erin,Kennedy,Kennedy_e1e07,19650109,Erin_Kennedy@hendricks-mason.com,35865639,True
94,Jason,Lopez,Lopez_ad64b,19740830,Jason_Lopez@wood-hill.com,11287127,True
95,Jerry,Clark,Clark_850e2,19950928,Jerry_Clark@perez.com,46859655,True
96,Alyssa,Kim,Kim_bc531,19900811,Alyssa_Kim@beck-zuniga.com,59732335,True
97,Courtney,Williams,Williams_225d6,19990919,Courtney_Williams@garner.com,27598999,True
98,Matthew,Nelson,Nelson_49b51,19580127,Matthew_Nelson@hunt.com,45515247,True
99,Robert,Moore,Moore_bd6b1,19550415,Robert_Moore@young.com,19512199,True
100,Nicole,Mcgee,Mcgee_84007,19590303,Nicole_Mcgee@reyes.com,34539135,True
101,Danielle,Hunter,Hunter_c76d0,19710811,Danielle_Hunter@ballard.com,99947039,True
102,Kelly,Perez,Perez_016c7,19600519,Kelly_Perez@ward-wilson.com,60614735,True
103,Mary,Odom,Odom_e8796,19630813,Mary_Odom@morgan-reynolds.com,98738367,True
104,Arthur,Gibson,Gibson_a7c50,19610603,Arthur_Gibson@thompson-thompson.com,75411807,True
105,Christopher,Miller,Miller_5a80b,19850131,Christopher_Miller@kelly.com,16222031,True
106,Amber,Hopkins,Hopkins_7c2f6,19750831,Amber_Hopkins@hall.com,15289039,True
107,Nancy,Garcia,Garcia_76b84,19680305,Nancy_Garcia@lewis-hayden.com,62971303,True
108,Alex,Rhodes,Rhodes_a5121,19780913,Alex_Rhodes@russell.net,75808519,True
109,Daniel,Bennett,Bennett_1ed65,19730228,Daniel_Bennett@stephens-oneill.com,20776023,True
110,Kevin,Woodard,Woodard_0dee6,19550809,Kevin_Woodard@lynch.com,30319911,True
111,Alan,Peterson,Peterson_9e709,19760129,Alan_Peterson@burch.com,88993663,True
112,Jacob,Grant,Grant_46694,19911204,Jacob_Grant@cummings.com,94196575,True
113,Gabrielle,Johnson,Johnson_fcba1,19581006,Gabrielle_Johnson@serrano.com,35424207,True
114,Caleb,Morales,Morales_0598c,19660329,Caleb_Morales@collins.com,69459679,True
115,James,Dominguez,Dominguez_e2663,19881205,James_Dominguez@black.com,49527207,True
116,Kathryn,Cardenas,Cardenas_35ae4,19830508,Kathryn_Cardenas@skinner.com,81016239,True
117,Jeffrey,Santiago,Santiago_5cbec,19750228,Jeffrey_Santiago@duncan.com,93827623,True
118,Andrew,Mclaughlin,Mclaughlin_b2423,19730514,Andrew_Mclaughlin@fitzpatrick-lucas.com,66417719,True
119,Mr.,Bryan,Bryan_e9e42,19570214,Bryan_Porter@elliott.com,88089671,True
120,Brendan,Smith,Smith_750a9,19580516,Brendan_Smith@williams.com,67839775,True
121,Jeffrey,Hernandez,Hernandez_f3251,19891231,Jeffrey_Hernandez@mcdaniel.com,76263607,True
122,Michael,Miller,Miller_375ad,19640520,Michael_Miller@taylor-moore.com,17581687,True
123,Theresa,Newman,Newman_069d1,19941129,Theresa_Newman@perry-scott.com,36575799,True
124,Paul,Romero,Romero_7ffde,19601007,Paul_Romero@middleton-jones.com,98843943,True
125,Janet,Choi,Choi_e37de,19860718,Janet_Choi@neal.com,66675695,True
126,Mark,Bender,Bender_b8ade,19690911,Mark_Bender@oneal-wilkins.com,27354911,True
127,Abigail,Brown,Brown_b08b0,19801008,Abigail_Brown@jones-underwood.com,15726143,True
128,Antonio,Dominguez,Dominguez_821d7,19801115,Antonio_Dominguez@nichols.com,75861007,True
129,Tony,Morris,Morris_1057d,19700805,Tony_Morris@davis.com,33280551,True
130,Randy,Carlson,Carlson_d8db2,19550530,Randy_Carlson@rivera.com,51211679,True
131,Mitchell,Pierce,Pierce_7e42c,20010824,Mitchell_Pierce@houston-conway.net,96845551,True
132,Angela,West,West_0afba,19810427,Angela_West@anderson-fitzgerald.com,59397207,True
133,Kevin,Peters,Peters_c9aea,19670206,Kevin_Peters@edwards.com,28855487,True
134,Benjamin,Conway,Conway_b14b9,19551228,Benjamin_Conway@burton-paul.com,23338319,True
135,Andrew,Stewart,Stewart_5a9fe,19510212,Andrew_Stewart@wong.com,19799879,True
136,Brenda,Jones,Jones_e27fe,19550804,Brenda_Jones@lang.com,62608823,True
137,Elizabeth,Bailey,Bailey_5c8a5,19630101,Elizabeth_Bailey@stephenson-arnold.com,20218071,True
138,Kelly,Levy,Levy_b4299,19940508,Kelly_Levy@barajas.com,74468255,True
139,Thomas,Burton,Burton_e624b,19750419,Thomas_Burton@dunn-avery.net,14613071,True
140,Paul,Peterson,Peterson_c41f4,20021225,Paul_Peterson@bullock.com,59148863,True
141,Michael,Reilly,Reilly_1c829,19720514,Michael_Reilly@cooper.net,33876967,True
142,Alejandra,Martinez,Martinez_d6f6b,19791221,Alejandra_Martinez@jones.com,87381327,True
143,Timothy,Sanders,Sanders_e813f,19521003,Timothy_Sanders@harrell.com,63453583,True
144,Latoya,Little,Little_c16bd,19780807,Latoya_Little@martinez.com,43404335,True
145,Sarah,Harvey,Harvey_119d2,19600331,Sarah_Harvey@martin-smith.com,58520471,True
146,Melissa,Ortiz,Ortiz_84be0,19580729,Melissa_Ortiz@lee-malone.com,49637727,True
147,Brooke,Hernandez,Hernandez_bcb5b,19911114,Brooke_Hernandez@benitez.com,97309975,True
148,Lisa,Livingston,Livingston_19295,19500423,Lisa_Livingston@glover.com,20519415,True
149,Eugene,Mason,Mason_6bc9b,19781213,Eugene_Mason@gardner.com,47810855,True
150,Daniel,Cunningham,Cunningham_12799,19730326,Daniel_Cunningham@cooper.com,78657983,True
151,Alex,Smith,Smith_894dd,20020503,Alex_Smith@johnson.com,58965703,True
152,Jessica,Vargas,Vargas_ed53f,19810517,Jessica_Vargas@miller-price.net,48925903,True
153,Olivia,Clark,Clark_92a9e,19741001,Olivia_Clark@wade-roberson.com,67793735,True
154,Cathy,Carney,Carney_0d73a,19970522,Cathy_Carney@williams.net,31104151,True
155,Haley,Baldwin,Baldwin_b3439,19650413,Haley_Baldwin@bush-wolfe.com,31940631,True
156,Alexander,Wilson,Wilson_51998,19881111,Alexander_Wilson@barron-garcia.com,13893319,True
157,April,Cole,Cole_2b0a2,19610622,April_Cole@vargas.com,65186503,True
158,Holly,Riley,Riley_3e1f8,19740728,Holly_Riley@stokes.com,55620431,True
159,Jeffrey,Poole,Poole_23f28,19570204,Jeffrey_Poole@cross.com,82077439,True
160,Rachel,Poole,Poole_c5b79,19760708,Rachel_Poole@jones.net,35095087,True
161,Sheena,Ward,Ward_57d0c,19730926,Sheena_Ward@wilson-mcbride.com,96834175,True
162,Cynthia,Smith,Smith_9f8dc,19510905,Cynthia_Smith@smith.com,48760255,True
163,Kevin,Clayton,Clayton_7f5be,19750708,Kevin_Clayton@miller.com,25081071,True
164,Sarah,Coleman,Coleman_db259,19500119,Sarah_Coleman@novak.com,37411775,True
165,Cody,Becker,Becker_dd317,19601216,Cody_Becker@hansen.com,76003567,True
166,Miss,Molly,Molly_4ae09,19771105,Molly_Miller@king-kelly.net,99947663,True
167,Craig,Bailey,Bailey_fac5d,19970713,Craig_Bailey@hancock-brown.com,33032303,True
168,Patricia,Gray,Gray_00c0a,19660319,Patricia_Gray@dawson.com,18281751,True
169,Robert,Rivera,Rivera_6a7ce,19500722,Robert_Rivera@gibson.com,35020847,True
170,Miss,Michelle,Michelle_afe1c,19830121,Michelle_Lewis@wiggins-thornton.com,64700455,True
171,John,Owens,Owens_4cd37,19670424,John_Owens@callahan.com,71230983,True
172,Sarah,Smith,Smith_313dd,19680804,Sarah_Smith@kirk.com,22702359,True
173,Nancy,Lucas,Lucas_94653,19830706,Nancy_Lucas@aguilar.com,91477863,True
174,Christina,Murray,Murray_a46c7,19791217,Christina_Murray@collins-day.com,35027583,True
175,Emma,Berry,Berry_c02ad,19940107,Emma_Berry@charles.com,34612959,True
176,Christopher,Gross,Gross_2742d,20031114,Christopher_Gross@grimes.net,49217831,True
177,Jason,Hawkins,Hawkins_8aa4f,19541001,Jason_Hawkins@adams-hunter.com,31750255,True
178,Jeffrey,Rodriguez,Rodriguez_84bf3,19690718,Jeffrey_Rodriguez@johnson-white.com,29947599,True
179,Christina,Miller,Miller_84bb3,19530425,Christina_Miller@marshall-lucas.com,92153503,True
180,Maria,Miller,Miller_208dd,19941221,Maria_Miller@roberts.com,86317751,True
181,Eileen,Davis,Davis_3a81f,19520404,Eileen_Davis@knox.com,19544735,True
182,Harry,Miller,Miller_4e2a7,19890613,Harry_Miller@warner-jackson.com,63478047,True
183,Ellen,Montes,Montes_29eaa,19610714,Ellen_Montes@sellers.com,16519759,True
184,Gregory,Mclean,Mclean_3b78d,19610801,Gregory_Mclean@valencia.com,38860951,True
185,Angela,Spencer,Spencer_071ed,19980502,Angela_Spencer@lopez.com,18410783,True
186,Christina,Price,Price_fb35b,19860508,Christina_Price@kennedy-tran.com,65381695,True
187,Amber,Randall,Randall_fe7f8,19520910,Amber_Randall@boyd-freeman.net,60506343,True
188,Matthew,Morris,Morris_f9657,19981111,Matthew_Morris@boyle-novak.com,49822607,True
189,Cindy,Blackburn,Blackburn_0c5fb,20001008,Cindy_Blackburn@bolton.net,86098071,True
190,Matthew,Jacobson,Jacobson_496c2,19510412,Matthew_Jacobson@bishop-thomas.com,99110191,True
191,Stacy,Jones,Jones_c6f5d,19940909,Stacy_Jones@perez.com,71998399,True
192,Scott,Zimmerman,Zimmerman_881d6,19560130,Scott_Zimmerman@fischer.com,70071511,True
193,Dakota,Silva,Silva_fff90,19790710,Dakota_Silva@barker-miller.com,41853599,True
194,Jacob,Spencer,Spencer_d5b01,19620226,Jacob_Spencer@jefferson.net,41992359,True
195,Matthew,Oliver,Oliver_94edc,19720423,Matthew_Oliver@mitchell.com,14016935,True
196,Roger,Maddox,Maddox_6974f,19810426,Roger_Maddox@richards.com,86988519,True
197,Bryan,Gutierrez,Gutierrez_c61e8,19881118,Bryan_Gutierrez@short-huerta.net,84795039,True
198,Peter,Schultz,Schultz_5fff4,19570829,Peter_Schultz@shah.com,78301895,True
199,Justin,Burke,Burke_a32e6,19960212,Justin_Burke@johnson.com,43401655,True
200,Sarah,Ramsey,Ramsey_4c3e8,19640622,Sarah_Ramsey@hayes.com,63376279,True
201,Michael,Chang,Chang_e27c8,19900209,Michael_Chang@watkins.com,99632783,True
202,Pamela,Hughes,Hughes_bf91b,19570116,Pamela_Hughes@rivas-garza.com,32117783,True
203,Jimmy,Morris,Morris_25892,19640120,Jimmy_Morris@hall-watkins.com,31836895,True
204,Lauren,Romero,Romero_e5750,20020425,Lauren_Romero@davis.com,50100783,True
205,Adam,Jones,Jones_2b07e,19570107,Adam_Jones@kline-reeves.com,83246639,True
206,Matthew,Murphy,Murphy_5dc4e,19600216,Matthew_Murphy@graham.com,18189831,True
207,Jessica,Arroyo,Arroyo_a6982,20021019,Jessica_Arroyo@flores-evans.com,24971015,True
208,Caleb,Zuniga,Zuniga_a2d94,19681028,Caleb_Zuniga@stone.net,36180711,True
209,Cheyenne,Moreno,Moreno_8048c,19600912,Cheyenne_Moreno@hampton.com,61341887,True
210,Courtney,Lopez,Lopez_93fe3,19710810,Courtney_Lopez@sanders.com,35323391,True
211,Kenneth,Williamson,Williamson_2b72a,19540310,Kenneth_Williamson@perez.com,36169599,True
212,Bruce,Browning,Browning_1f631,19631113,Bruce_Browning@robertson-baldwin.com,22984503,True
213,Shannon,Gilbert,Gilbert_cba39,19920613,Shannon_Gilbert@brown-schaefer.com,34472903,True
214,Amanda,Brown,Brown_cde99,19541218,Amanda_Brown@williams.com,52400391,True
215,Riley,Gomez,Gomez_010a6,19810211,Riley_Gomez@hoffman.com,20838807,True
216,Shelby,Price,Price_e8f96,19860807,Shelby_Price@fuller.net,74350543,True
217,Scott,Harris,Harris_fc222,19901214,Scott_Harris@mullins.com,36307567,True
218,Bonnie,Franklin,Franklin_f8d94,19880714,Bonnie_Franklin@gillespie.com,22008807,True
219,Ashley,Morris,Morris_73a97,20021001,Ashley_Morris@marshall.net,13085855,True
220,Jack,Jensen,Jensen_676e2,19601229,Jack_Jensen@kent-williamson.net,93571087,True
221,Daniel,Armstrong,Armstrong_f79a4,19820714,Daniel_Armstrong@brown.com,18991247,True
222,Susan,Donovan,Donovan_6c619,19690130,Susan_Donovan@jordan-anderson.com,85222335,True
223,Michael,Powell,Powell_4f74d,19941127,Michael_Powell@mccall.com,63894311,True
224,Alexander,Lowe,Lowe_73be1,19610508,Alexander_Lowe@morris.com,93074023,True
